Column1,Column2,,Column3,Column4,Column5,Column7,Column8,Column9,Column10,Column11,Column12,Column13,Column14,Column15,Column16,Column17,Column18,Column19,Column20,Column21,Column22,Column23,,
,,,,,,,,,,,,,,,,,,,,,,,,
m_Uid,m_strFirstName,m_strSecondName,m_strShopName,m_nTheme,m_nOpen,m_nCoinPrice,m_nRubyPrice,m_nPopular,m_GoodsCategory,m_Type,m_Kind,m_vCenter,m_Collision,,,,,,,,,,,
600001,STRING_DISPLAY_first_600001,STRING_DISPLAY_second_600001,과자,T_SEOUL,true,15000,0,1,GOODS_SNACK,6,600,0|60,1,-6|54,1,69847_deco_goods_stand_snack_b_1.png||69847_deco_goods_stand_snack_b_1.png|,,,,600,-4|-17,,,
600002,STRING_DISPLAY_first_600002,STRING_DISPLAY_second_600002,과자,T_SEOUL,0,50000,0,1,GOODS_SNACK,6,600,0|60,1,-6|54,1,69841_deco_goods_stand_snack_f_1.png||69841_deco_goods_stand_snack_b_1.png|,,,,600,-6|-14,,,
600003,STRING_DISPLAY_first_600003,STRING_DISPLAY_second_600003,과자,T_NEWYORK,0,80000,0,1,GOODS_SNACK,6,600,0|60,1,-6|54,1,69861_deco_goods_stand_snack_f_1.png||69861_deco_goods_stand_snack_b_1.png|,69861_deco_goods_stand_snack_f_2.png||69861_deco_goods_stand_snack_b_2.png|,,,600,-5|-16,-5|-16,,
600004,STRING_DISPLAY_first_600004,STRING_DISPLAY_second_600004,과자,T_NEWYORK,0,110000,0,1,GOODS_SNACK,6,600,0|60,1,-6|54,1,69862_deco_goods_stand_snack_f_1.png||69862_deco_goods_stand_snack_b_1.png|,69862_deco_goods_stand_snack_f_2.png||69862_deco_goods_stand_snack_b_2.png|,,,600,-5|-16,-5|-16,,
600005,STRING_DISPLAY_first_600005,STRING_DISPLAY_second_600005,과자,T_BEIJING,0,140000,0,1,GOODS_SNACK,6,600,0|60,1,-6|54,1,69885_deco_goods_stand_snack_f_1.png||69885_deco_goods_stand_snack_b_1.png|,,,,600,-3|-18,,,
600006,STRING_DISPLAY_first_600006,STRING_DISPLAY_second_600006,과자,T_BEIJING,0,200000,0,1,GOODS_SNACK,6,600,0|60,1,-6|54,1,69886_deco_goods_stand_snack_f_1.png||69886_deco_goods_stand_snack_b_1.png|,,,,600,-3|-18,,,
600007,STRING_DISPLAY_first_600007,STRING_DISPLAY_second_600007,과자,T_TOKYO,0,260000,0,1,GOODS_SNACK,6,600,0|60,1,-6|54,1,69897_deco_goods_stand_snack_f_1.png||69897_deco_goods_stand_snack_b_1.png|,,,,600,-3|-14,,,
600008,STRING_DISPLAY_first_600008,STRING_DISPLAY_second_600008,과자,T_TOKYO,0,380000,0,1,GOODS_SNACK,6,600,0|60,1,-6|54,1,69898_deco_goods_stand_snack_f_1.png||69898_deco_goods_stand_snack_b_1.png|,,,,600,-3|-14,,,
600009,STRING_DISPLAY_first_600009,STRING_DISPLAY_second_600009,과자,T_VENEZIA,0,500000,0,1,GOODS_SNACK,6,600,0|60,1,-6|54,1,69873_deco_goods_stand_snack_f_1.png||69873_deco_goods_stand_snack_b_1.png|,69873_deco_goods_stand_snack_f_2.png||69873_deco_goods_stand_snack_b_1.png|,,,600,-4|-46,-4|-20,,
600010,STRING_DISPLAY_first_600010,STRING_DISPLAY_second_600010,과자,T_VENEZIA,0,620000,0,1,GOODS_SNACK,6,600,0|60,1,-6|54,1,69874_deco_goods_stand_snack_f_1.png||69874_deco_goods_stand_snack_b_1.png|,69874_deco_goods_stand_snack_f_2.png||69874_deco_goods_stand_snack_b_1.png|,,,600,-4|-46,-4|-20,,
601001,STRING_DISPLAY_first_601001,STRING_DISPLAY_second_601001,라면,T_SEOUL,0,20000,0,1,GOODS_RAMEN,6,601,0|60,1,-6|54,1,69848_deco_goods_stand_ramen_f_1.png||69848_deco_goods_stand_ramen_b_1.png|,69848_deco_goods_stand_ramen_f_2.png||69848_deco_goods_stand_ramen_b_2.png|,,,601,-4|-40,-4|-16,,
601002,STRING_DISPLAY_first_601002,STRING_DISPLAY_second_601002,라면,T_SEOUL,0,55000,0,1,GOODS_RAMEN,6,601,0|60,1,-6|54,1,69842_deco_goods_stand_ramen_f_1.png||69842_deco_goods_stand_ramen_b_1.png|,69842_deco_goods_stand_ramen_f_2.png||69842_deco_goods_stand_ramen_b_2.png|,,,601,-4|-40,-4|-16,,
601003,STRING_DISPLAY_first_601003,STRING_DISPLAY_second_601003,라면,T_NEWYORK,0,85000,0,1,GOODS_RAMEN,6,601,0|54,1,-6|54,1,69863_deco_goods_stand_ramen_f_1.png||69863_deco_goods_stand_ramen_b_1.png|,69863_deco_goods_stand_ramen_f_2.png||69863_deco_goods_stand_ramen_b_2.png|,69863_deco_goods_stand_ramen_f_3.png||69863_deco_goods_stand_ramen_b_3.png|,,601,500|500,-4|-35,-4|-10,
601004,STRING_DISPLAY_first_601004,STRING_DISPLAY_second_601004,라면,T_NEWYORK,0,115000,0,1,GOODS_RAMEN,6,601,0|54,1,-6|54,1,69864_deco_goods_stand_ramen_f_3.png||69864_deco_goods_stand_ramen_b_3.png|,69864_deco_goods_stand_ramen_f_1.png||69864_deco_goods_stand_ramen_b_1.png|,69864_deco_goods_stand_ramen_f_2.png||69864_deco_goods_stand_ramen_b_2.png|,,601,500|500,-4|-35,-4|-10,
601005,STRING_DISPLAY_first_601005,STRING_DISPLAY_second_601005,라면,T_BEIJING,0,150000,0,1,GOODS_RAMEN,6,601,0|59,1,-6|54,1,69887_deco_goods_stand_ramen_f_1.png||69887_deco_goods_stand_ramen_b_1.png|,69887_deco_goods_stand_ramen_f_2.png||69887_deco_goods_stand_ramen_b_2.png|,,,601,500|500,-5|-15,,
601006,STRING_DISPLAY_first_601006,STRING_DISPLAY_second_601006,라면,T_BEIJING,0,210000,0,1,GOODS_RAMEN,6,601,0|59,1,-6|54,1,69888_deco_goods_stand_ramen_f_1.png||69888_deco_goods_stand_ramen_b_1.png|,69888_deco_goods_stand_ramen_f_2.png||69888_deco_goods_stand_ramen_b_2.png|,,,601,500|500,-5|-15,,
601007,STRING_DISPLAY_first_601007,STRING_DISPLAY_second_601007,라면,T_TOKYO,0,280000,0,1,GOODS_RAMEN,6,601,0|59,1,-6|54,1,69899_deco_goods_stand_ramen_f_1.png||69899_deco_goods_stand_ramen_b_1.png|,69899_deco_goods_stand_ramen_f_2.png||69899_deco_goods_stand_ramen_b_1.png|,,,601,500|500,-7|-10,,
601008,STRING_DISPLAY_first_601008,STRING_DISPLAY_second_601008,라면,T_TOKYO,0,400000,0,1,GOODS_RAMEN,6,601,0|59,1,-6|54,1,69900_deco_goods_stand_ramen_f_1.png||69900_deco_goods_stand_ramen_b_1.png|,69900_deco_goods_stand_ramen_f_2.png||69900_deco_goods_stand_ramen_b_1.png|,,,601,500|500,-5|-15,,
601009,STRING_DISPLAY_first_601009,STRING_DISPLAY_second_601009,라면,T_VENEZIA,0,520000,0,1,GOODS_RAMEN,6,601,0|59,1,-6|54,1,69875_deco_goods_stand_ramen_f_1.png||69875_deco_goods_stand_ramen_b_1.png|,,,,601,-5|-15,,,
601010,STRING_DISPLAY_first_601010,STRING_DISPLAY_second_601010,라면,T_VENEZIA,0,640000,0,1,GOODS_RAMEN,6,601,0|59,1,-6|54,1,69876_deco_goods_stand_ramen_f_1.png||69876_deco_goods_stand_ramen_b_1.png|,,,,601,-5|-15,,,
602001,STRING_DISPLAY_first_602001,STRING_DISPLAY_second_602001,잡화,T_SEOUL,0,25000,0,1,GOODS_OTHER,6,602,0|60,2,-6|54,1,69849_deco_goods_stand_tissue_f_1.png||69849_deco_goods_stand_tissue_b_1.png|,,,,602,-5|-10,,,
602002,STRING_DISPLAY_first_602002,STRING_DISPLAY_second_602002,잡화,T_SEOUL,0,60000,0,1,GOODS_OTHER,6,602,0|60,2,-6|54,1,69843_deco_goods_stand_tissue_f_1.png||69843_deco_goods_stand_tissue_b_1.png|,,,,602,-7|-12,,,
602003,STRING_DISPLAY_first_602003,STRING_DISPLAY_second_602003,잡화,T_NEWYORK,0,90000,0,1,GOODS_OTHER,6,602,0|60,2,-6|54,1,69865_deco_goods_stand_tissue_f_1.png||69865_deco_goods_stand_tissue_b_1.png|,,,,602,-5|-20,,,
602004,STRING_DISPLAY_first_602004,STRING_DISPLAY_second_602004,잡화,T_NEWYORK,0,120000,0,1,GOODS_OTHER,6,602,0|60,2,-6|54,1,69866_deco_goods_stand_tissue_f_1.png||69866_deco_goods_stand_tissue_b_1.png|,,,,602,-5|-20,,,
602005,STRING_DISPLAY_first_602005,STRING_DISPLAY_second_602005,잡화,T_BEIJING,0,160000,0,1,GOODS_OTHER,6,602,0|60,2,-6|54,1,69889_deco_goods_stand_tissue_f_1.png||69889_deco_goods_stand_tissue_b_1.png|,,,,602,-7|-25,,,
602006,STRING_DISPLAY_first_602006,STRING_DISPLAY_second_602006,잡화,T_BEIJING,0,220000,0,1,GOODS_OTHER,6,602,0|60,2,-6|54,1,69890_deco_goods_stand_tissue_f_1.png||69890_deco_goods_stand_tissue_b_1.png|,,,,602,-7|-25,,,
602007,STRING_DISPLAY_first_602007,STRING_DISPLAY_second_602007,잡화,T_TOKYO,0,300000,0,1,GOODS_OTHER,6,602,0|60,2,-6|54,1,69901_deco_goods_stand_tissue_f_1.png||69901_deco_goods_stand_tissue_b_1.png|,69901_deco_goods_stand_tissue_f_2.png||69901_deco_goods_stand_tissue_b_1.png|,69901_deco_goods_stand_tissue_f_3.png||69901_deco_goods_stand_tissue_b_1.png|,,602,500|500,500|500,-6|-20,
602008,STRING_DISPLAY_first_602008,STRING_DISPLAY_second_602008,잡화,T_TOKYO,0,420000,0,1,GOODS_OTHER,6,602,0|60,2,-6|54,1,69902_deco_goods_stand_tissue_f_1.png||69902_deco_goods_stand_tissue_b_1.png|,69902_deco_goods_stand_tissue_f_2.png||69902_deco_goods_stand_tissue_b_1.png|,69902_deco_goods_stand_tissue_f_3.png||69902_deco_goods_stand_tissue_b_1.png|,,602,500|500,500|500,-6|-20,
602009,STRING_DISPLAY_first_602009,STRING_DISPLAY_second_602009,잡화,T_VENEZIA,0,540000,0,1,GOODS_OTHER,6,602,0|60,2,-6|54,1,69877_deco_goods_stand_tissue_f_1.png||69877_deco_goods_stand_tissue_b_1.png|,69877_deco_goods_stand_tissue_f_2.png||69877_deco_goods_stand_tissue_b_1.png|,69877_deco_goods_stand_tissue_f_3.png||69877_deco_goods_stand_tissue_b_1.png|,,602,0|-45,500|500,-5|-17,
602010,STRING_DISPLAY_first_602010,STRING_DISPLAY_second_602010,잡화,T_VENEZIA,0,660000,0,1,GOODS_OTHER,6,602,0|60,2,-6|54,1,69878_deco_goods_stand_tissue_f_1.png||69878_deco_goods_stand_tissue_b_1.png|,69878_deco_goods_stand_tissue_f_2.png||69878_deco_goods_stand_tissue_b_1.png|,69878_deco_goods_stand_tissue_f_3.png||69878_deco_goods_stand_tissue_b_1.png|,,602,0|-45,500|500,-5|-17,
603001,STRING_DISPLAY_first_603001,STRING_DISPLAY_second_603001,냉동,T_SEOUL,0,32000,0,1,GOODS_ICE,6,603,0|60,2,-6|60,1,69850_deco_goods_stand_ice_f_1.png||69850_deco_goods_stand_ice_b_1.png|,69850_deco_goods_stand_ice_f_2.png||69850_deco_goods_stand_ice_b_2.png|,,,603,-8|-31,,,
603002,STRING_DISPLAY_first_603002,STRING_DISPLAY_second_603002,냉동,T_SEOUL,0,65000,0,1,GOODS_ICE,6,603,0|60,2,-6|60,1,69844_deco_goods_stand_ice_f_1.png||69844_deco_goods_stand_ice_b_1.png|,69844_deco_goods_stand_ice_f_2.png||69844_deco_goods_stand_ice_b_2.png|,,,603,-5|-40,,,
603003,STRING_DISPLAY_first_603003,STRING_DISPLAY_second_603003,냉동,T_NEWYORK,0,95000,0,1,GOODS_ICE,6,603,0|60,2,-6|60,1,69867_deco_goods_stand_ice_f_1.png||69867_deco_goods_stand_ice_b_1.png|,69867_deco_goods_stand_ice_f_2.png||69867_deco_goods_stand_ice_b_2.png|,,,603,-10|-33,,,
603004,STRING_DISPLAY_first_603004,STRING_DISPLAY_second_603004,냉동,T_NEWYORK,0,125000,0,1,GOODS_ICE,6,603,0|60,2,-6|60,1,69868_deco_goods_stand_ice_f_1.png||69868_deco_goods_stand_ice_b_1.png|,69868_deco_goods_stand_ice_f_2.png||69868_deco_goods_stand_ice_b_2.png|,,,603,-10|-33,,,
603005,STRING_DISPLAY_first_603005,STRING_DISPLAY_second_603005,냉동,T_BEIJING,0,170000,0,1,GOODS_ICE,6,603,0|60,2,-6|60,1,69891_deco_goods_stand_ice_f_1.png||69891_deco_goods_stand_ice_b_1.png|,69891_deco_goods_stand_ice_f_2.png||69891_deco_goods_stand_ice_b_2.png|,,,603,-10|-33,,,
603006,STRING_DISPLAY_first_603006,STRING_DISPLAY_second_603006,냉동,T_BEIJING,0,230000,0,1,GOODS_ICE,6,603,0|60,2,-6|60,1,69892_deco_goods_stand_ice_f_1.png||69892_deco_goods_stand_ice_b_1.png|,69892_deco_goods_stand_ice_f_2.png||69892_deco_goods_stand_ice_b_2.png|,,,603,-10|-33,,,
603007,STRING_DISPLAY_first_603007,STRING_DISPLAY_second_603007,냉동,T_TOKYO,0,320000,0,1,GOODS_ICE,6,603,0|60,2,-6|60,1,69903_deco_goods_stand_ice_f_1.png||69903_deco_goods_stand_ice_b_1.png|,69903_deco_goods_stand_ice_f_2.png||69903_deco_goods_stand_ice_b_2.png|,,,603,-10|-13,,,
603008,STRING_DISPLAY_first_603008,STRING_DISPLAY_second_603008,냉동,T_TOKYO,0,440000,0,1,GOODS_ICE,6,603,0|60,2,-6|60,1,69904_deco_goods_stand_ice_f_1.png||69904_deco_goods_stand_ice_b_1.png|,69904_deco_goods_stand_ice_f_2.png||69904_deco_goods_stand_ice_b_2.png|,,,603,-10|-33,,,
603009,STRING_DISPLAY_first_603009,STRING_DISPLAY_second_603009,냉동,T_VENEZIA,0,560000,0,1,GOODS_ICE,6,603,-10|55,2,-6|60,1,69879_deco_goods_stand_ice_f_1.png||69879_deco_goods_stand_ice_b_1.png|,69879_deco_goods_stand_ice_f_2.png||69879_deco_goods_stand_ice_b_1.png|,,,603,-3|-41,,,
603010,STRING_DISPLAY_first_603010,STRING_DISPLAY_second_603010,냉동,T_VENEZIA,0,680000,0,1,GOODS_ICE,6,603,-10|55,2,-6|60,1,69880_deco_goods_stand_ice_f_1.png||69880_deco_goods_stand_ice_b_1.png|,69880_deco_goods_stand_ice_f_2.png||69880_deco_goods_stand_ice_b_1.png|,,,603,-3|-41,,,
604001,STRING_DISPLAY_first_604001,STRING_DISPLAY_second_604001,음료,T_SEOUL,0,40000,0,1,GOODS_DRINK,6,604,0|50,1,-2|4,0.7,69851_deco_goods_stand_drink_f_1.png||69851_deco_goods_stand_drink_b_1.png|,69851_deco_goods_stand_drink_f_2.png||69851_deco_goods_stand_drink_b_1.png|,69851_deco_goods_stand_drink_f_3.png||69851_deco_goods_stand_drink_b_2.png|,,604,-4|-30,-6|4,,
604002,STRING_DISPLAY_first_604002,STRING_DISPLAY_second_604002,음료,T_SEOUL,0,70000,0,1,GOODS_DRINK,6,604,0|50,1,-2|4,0.7,69845_deco_goods_stand_drink_f_1.png||69845_deco_goods_stand_drink_b_1.png|,69845_deco_goods_stand_drink_f_2.png||69845_deco_goods_stand_drink_b_1.png|,69845_deco_goods_stand_drink_f_3.png||69845_deco_goods_stand_drink_b_2.png|,,604,-5|-38,-5|8,,
604003,STRING_DISPLAY_first_604003,STRING_DISPLAY_second_604003,음료,T_NEWYORK,0,100000,0,1,GOODS_DRINK,6,604,-10|55,1,-2|4,1,69869_deco_goods_stand_drink_f_1.png||69869_deco_goods_stand_drink_b_1.png|,69869_deco_goods_stand_drink_f_2.png||69869_deco_goods_stand_drink_b_2.png|,69869_deco_goods_stand_drink_f_3.png||69869_deco_goods_stand_drink_b_3.png|,,604,-3|5,-3|20,,
604004,STRING_DISPLAY_first_604004,STRING_DISPLAY_second_604004,음료,T_NEWYORK,0,130000,0,1,GOODS_DRINK,6,604,-10|55,1,-2|4,1,69870_deco_goods_stand_drink_f_1.png||69870_deco_goods_stand_drink_b_1.png|,69870_deco_goods_stand_drink_f_2.png||69870_deco_goods_stand_drink_b_2.png|,69870_deco_goods_stand_drink_f_3.png||69870_deco_goods_stand_drink_b_3.png|,,604,-3|5,-3|20,,
604005,STRING_DISPLAY_first_604005,STRING_DISPLAY_second_604005,음료,T_BEIJING,0,180000,0,1,GOODS_DRINK,6,604,-5|50,1,-2|4,0.7,69893_deco_goods_stand_drink_f_1.png||69893_deco_goods_stand_drink_b_1.png|,69893_deco_goods_stand_drink_f_2.png||69893_deco_goods_stand_drink_b_1.png|,69893_deco_goods_stand_drink_f_3.png||69893_deco_goods_stand_drink_b_1.png|,,604,2|-17,-1|8,,
604006,STRING_DISPLAY_first_604006,STRING_DISPLAY_second_604006,음료,T_BEIJING,0,240000,0,1,GOODS_DRINK,6,604,-5|50,1,-2|4,0.7,69894_deco_goods_stand_drink_f_1.png||69894_deco_goods_stand_drink_b_1.png|,69894_deco_goods_stand_drink_f_2.png||69894_deco_goods_stand_drink_b_1.png|,69894_deco_goods_stand_drink_f_3.png||69894_deco_goods_stand_drink_b_1.png|,,604,2|-17,-1|8,,
604007,STRING_DISPLAY_first_604007,STRING_DISPLAY_second_604007,음료,T_TOKYO,0,340000,0,1,GOODS_DRINK,6,604,-5|50,1,-2|4,0.7,69905_deco_goods_stand_drink_f_1.png||69905_deco_goods_stand_drink_b_1.png|,69905_deco_goods_stand_drink_f_2.png||69905_deco_goods_stand_drink_b_1.png|,69905_deco_goods_stand_drink_f_3.png||69905_deco_goods_stand_drink_b_1.png|,,604,-4|-13,-4|3,,
604008,STRING_DISPLAY_first_604008,STRING_DISPLAY_second_604008,음료,T_TOKYO,0,345000,0,1,GOODS_DRINK,6,604,-5|50,1,-2|4,0.7,69906_deco_goods_stand_drink_f_1.png||69906_deco_goods_stand_drink_b_1.png|,69906_deco_goods_stand_drink_f_2.png||69906_deco_goods_stand_drink_b_1.png|,69906_deco_goods_stand_drink_f_3.png||69906_deco_goods_stand_drink_b_1.png|,,604,-2|-13,,,
604009,STRING_DISPLAY_first_604009,STRING_DISPLAY_second_604009,음료,T_TOKYO,0,460000,0,1,GOODS_DRINK,6,604,-5|50,1,-2|4,0.7,69907_deco_goods_stand_drink_f_1.png||69907_deco_goods_stand_drink_b_1.png|,69907_deco_goods_stand_drink_f_2.png||69907_deco_goods_stand_drink_b_1.png|,69907_deco_goods_stand_drink_f_3.png||69907_deco_goods_stand_drink_b_1.png|,,604,-2|-13,,,
604010,STRING_DISPLAY_first_604010,STRING_DISPLAY_second_604010,음료,T_VENEZIA,0,580000,0,1,GOODS_DRINK,6,604,-6|42,1,-2|4,0.7,69881_deco_goods_stand_drink_f_1.png||69881_deco_goods_stand_drink_b_1.png|,69881_deco_goods_stand_drink_f_2.png||69881_deco_goods_stand_drink_b_1.png|,69881_deco_goods_stand_drink_f_3.png||69881_deco_goods_stand_drink_b_1.png|,,604,8|-20,8|3,,
604011,STRING_DISPLAY_first_604011,STRING_DISPLAY_second_604011,음료,T_VENEZIA,0,700000,0,1,GOODS_DRINK,6,604,-6|42,1,-2|4,0.7,69882_deco_goods_stand_drink_f_1.png||69882_deco_goods_stand_drink_b_1.png|,69882_deco_goods_stand_drink_f_2.png||69882_deco_goods_stand_drink_b_1.png|,69882_deco_goods_stand_drink_f_3.png||69882_deco_goods_stand_drink_b_1.png|,,604,8|-20,8|3,,
605001,STRING_DISPLAY_first_605001,STRING_DISPLAY_second_605001,신선,T_SEOUL,0,45000,0,1,GOODS_FRESH,6,605,0|48,1,-2|4,0.7,69852_deco_goods_stand_fresh_f_1.png||69852_deco_goods_stand_fresh_b_1.png|,69852_deco_goods_stand_fresh_f_2.png||69852_deco_goods_stand_fresh_b_2.png|,69852_deco_goods_stand_fresh_f_3.png||69852_deco_goods_stand_fresh_b_3.png|,,605,-6|0,-5|29,,
605002,STRING_DISPLAY_first_605002,STRING_DISPLAY_second_605002,신선,T_SEOUL,0,75000,0,1,GOODS_FRESH,6,605,0|48,1,-2|4,0.7,69846_deco_goods_stand_fresh_f_1.png||69846_deco_goods_stand_fresh_b_1.png|,69846_deco_goods_stand_fresh_f_2.png||69846_deco_goods_stand_fresh_b_2.png|,69846_deco_goods_stand_fresh_f_3.png||69846_deco_goods_stand_fresh_b_3.png|,,605,-6|0,-5|29,,
605003,STRING_DISPLAY_first_605003,STRING_DISPLAY_second_605003,신선,T_NEWYORK,0,105000,0,1,GOODS_FRESH,6,605,-6|42,1,-2|4,0.5,69871_deco_goods_stand_fresh_f_1.png||69871_deco_goods_stand_fresh_b_1.png|,69871_deco_goods_stand_fresh_f_2.png||69871_deco_goods_stand_fresh_b_2.png|,69871_deco_goods_stand_fresh_f_3.png||69871_deco_goods_stand_fresh_b_3.png|,,605,5|-20,4|5,,
605004,STRING_DISPLAY_first_605004,STRING_DISPLAY_second_605004,신선,T_NEWYORK,0,135000,0,1,GOODS_FRESH,6,605,-6|42,1,-2|4,0.5,69872_deco_goods_stand_fresh_f_1.png||69872_deco_goods_stand_fresh_b_1.png|,69872_deco_goods_stand_fresh_f_2.png||69872_deco_goods_stand_fresh_b_2.png|,69872_deco_goods_stand_fresh_f_3.png||69872_deco_goods_stand_fresh_b_3.png|,,605,5|-20,4|5,,
605005,STRING_DISPLAY_first_605005,STRING_DISPLAY_second_605005,신선,T_BEIJING,0,190000,0,1,GOODS_FRESH,6,605,-3|33,1,-2|4,0.5,69895_deco_goods_stand_fresh_f_1.png||69895_deco_goods_stand_fresh_b_1.png|,69895_deco_goods_stand_fresh_f_2.png||69896_deco_goods_stand_fresh_b_1.png|,69895_deco_goods_stand_fresh_f_5.png||69896_deco_goods_stand_fresh_b_1.png|,,605,5|7,4|35,,
605006,STRING_DISPLAY_first_605006,STRING_DISPLAY_second_605006,신선,T_BEIJING,0,250000,0,1,GOODS_FRESH,6,605,-3|33,1,-2|4,0.7,69896_deco_goods_stand_fresh_f_1.png||69896_deco_goods_stand_fresh_b_1.png|,69896_deco_goods_stand_fresh_f_2.png||69896_deco_goods_stand_fresh_b_1.png|,69896_deco_goods_stand_fresh_f_5.png||69896_deco_goods_stand_fresh_b_1.png|,,605,5|7,4|35,,
605007,STRING_DISPLAY_first_605007,STRING_DISPLAY_second_605007,신선,T_TOKYO,0,360000,0,1,GOODS_FRESH,6,605,-3|36,1,-2|4,0.7,69908_deco_goods_stand_fresh_f_3.png||69908_deco_goods_stand_fresh_b_3.png|,69908_deco_goods_stand_fresh_f_2.png||69908_deco_goods_stand_fresh_b_2.png|,69908_deco_goods_stand_fresh_f_1.png||69908_deco_goods_stand_fresh_b_1.png|,,605,-5|6,-5|30,,
605008,STRING_DISPLAY_first_605008,STRING_DISPLAY_second_605008,신선,T_TOKYO,0,480000,0,1,GOODS_FRESH,6,605,-3|36,1,-2|4,0.7,69909_deco_goods_stand_fresh_f_3.png||69909_deco_goods_stand_fresh_b_3.png|,69909_deco_goods_stand_fresh_f_2.png||69909_deco_goods_stand_fresh_b_2.png|,69909_deco_goods_stand_fresh_f_1.png||69909_deco_goods_stand_fresh_b_1.png|,,605,-5|-19,-6|15,,
605009,STRING_DISPLAY_first_605009,STRING_DISPLAY_second_605009,신선,T_VENEZIA,0,600000,0,1,GOODS_FRESH,6,605,-10|55,1,-2|4,0.7,69883_deco_goods_stand_fresh_f_1.png||69883_deco_goods_stand_fresh_b_1.png|,69883_deco_goods_stand_fresh_f_2.png||69883_deco_goods_stand_fresh_b_1.png|,69883_deco_goods_stand_fresh_f_3.png||69883_deco_goods_stand_fresh_b_1.png|,,605,5|-25,5|3,,
605010,STRING_DISPLAY_first_605010,STRING_DISPLAY_second_605010,신선,T_VENEZIA,0,720000,0,1,GOODS_FRESH,6,605,-10|55,1,-2|4,0.7,69884_deco_goods_stand_fresh_f_1.png||69884_deco_goods_stand_fresh_b_1.png|,69884_deco_goods_stand_fresh_f_2.png||69883_deco_goods_stand_fresh_b_1.png|,69884_deco_goods_stand_fresh_f_3.png||69883_deco_goods_stand_fresh_b_1.png|,,605,-2|-18,5|3,,
90000001,STRING_DECO_first_90000001,STRING_DECO_second_90000001,1인 쇼파,T_SEOUL,true,0,30,1,GOODS_NONE,90,90,0|58,1,0|-20,0.8,901000_deco_etc_f.png||901000_deco_etc_b.png|,,,,,,,,4|-30
90000002,STRING_DECO_first_90000002,STRING_DECO_second_90000002,가림막,T_SEOUL,0,33500,0,1,GOODS_NONE,90,90,-20|40,1,0|-20,0.8,901001_deco_etc_f.png||901001_deco_etc_b.png|,,,,,,,,0|-30
90000004,STRING_DECO_first_90000003,STRING_DECO_second_90000003,나무토막 화분,T_SEOUL,0,47000,0,10,GOODS_NONE,90,90,0|58,1,0|-20,0.8,901003_deco_etc_f.png||901003_deco_etc_b.png|,,,,,,,,0|-15
90000005,STRING_DECO_first_90000004,STRING_DECO_second_90000004,도자기 전시장,T_SEOUL,0,50000,0,1,GOODS_NONE,90,90,-8|58,1,0|-20,0.8,901004_deco_etc_f.png||901004_deco_etc_b.png|,,,,,,,,1|-15
90000006,STRING_DECO_first_90000005,STRING_DECO_second_90000005,돌어항,T_SEOUL,0,55000,0,1,GOODS_NONE,90,90,0|60,1,0|-20,0.8,901005_deco_etc_f.png||901005_deco_etc_b.png|,,,,,,,,0|-50
90000007,STRING_DECO_first_90000006,STRING_DECO_second_90000006,돌전등,T_SEOUL,true,55000,0,1,GOODS_NONE,90,90,0|45,1,0|-20,0.8,901006_deco_etc_f.png||901006_deco_etc_b.png|,,,,,,,,7|-10
90000008,STRING_DECO_first_90000007,STRING_DECO_second_90000007,소나무 화분,T_SEOUL,0,60000,0,10,GOODS_NONE,90,90,0|45,1,0|-20,0.8,901007_deco_etc_f.png||901007_deco_etc_b.png|,,,,,,,,5|0
90000009,STRING_DECO_first_90000008,STRING_DECO_second_90000008,스피커,T_SEOUL,0,60000,0,1,GOODS_NONE,90,90,0|58,1,0|-20,0.8,901008_deco_etc_f.png||901008_deco_etc_b.png|,,,,,,,,0|-5
90000010,STRING_DECO_first_90000009,STRING_DECO_second_90000009,어항,T_SEOUL,0,0,30,1,GOODS_NONE,90,90,0|60,1,0|-20,0.8,901009_deco_etc_f.png||901009_deco_etc_b.png|,,,,,,,,0|-30
90000011,STRING_DECO_first_90000010,STRING_DECO_second_90000010,연못,T_SEOUL,0,0,30,1,GOODS_NONE,90,90,0|60,1,0|-20,0.8,901010_deco_etc_f.png||901010_deco_etc_b.png|,,,,,,,,0|-40
90000012,STRING_DECO_first_90000011,STRING_DECO_second_90000011,장독대 사각 의자,T_SEOUL,0,70000,0,10,GOODS_NONE,90,90,-10|55,1,0|-20,0.8,901011_deco_etc_f.png||901011_deco_etc_b.png|,,,,,,,,-1|-45
90000013,STRING_DECO_first_90000012,STRING_DECO_second_90000012,장독대 원형 의자,T_SEOUL,0,70000,0,1,GOODS_NONE,90,90,0|58,1,0|-20,0.8,901012_deco_etc_f.png||901012_deco_etc_b.png|,,,,,,,,-2|-45
90000014,STRING_DECO_first_90000013,STRING_DECO_second_90000013,장독대 테이블,T_SEOUL,0,75000,0,1,GOODS_NONE,90,90,0|60,1,0|-20,0.8,901013_deco_etc_f.png||901013_deco_etc_b.png|,,,,,,,,0|-15
90000016,STRING_DECO_first_90000016,STRING_DECO_second_90000016,전등 화분,T_SEOUL,0,0,30,10,GOODS_NONE,90,90,0|50,1,0|-20,0.8,901015_deco_etc_f.png||901015_deco_etc_b.png|,,,,,,,,0|-15
90000017,STRING_DECO_first_90000017,STRING_DECO_second_90000017,큰 화분,T_SEOUL,0,40000,0,1,GOODS_NONE,90,90,0|50,1,0|-20,0.8,901016_deco_etc_f.png||901016_deco_etc_b.png|,,,,,,,,0|25
90000018,STRING_DECO_first_90000018,STRING_DECO_second_90000018,테이블 2,T_SEOUL,0,65000,0,1,GOODS_NONE,90,90,0|60,1,0|-20,0.8,901017_deco_etc_f.png||901017_deco_etc_b.png|,,,,,,,,5|-30
90000019,STRING_DECO_first_90000019,STRING_DECO_second_90000019,한복 옷걸이,T_SEOUL,0,0,30,1,GOODS_NONE,90,90,0|60,1,0|-20,0.8,901018_deco_etc_f.png||901018_deco_etc_b.png|,,,,,,,,0|0
90000020,STRING_DECO_first_90000020,STRING_DECO_second_90000020,화이트 도자기 화분,T_SEOUL,0,0,30,10,GOODS_NONE,90,90,0|55,1,0|-20,0.8,901019_deco_etc_f.png||901019_deco_etc_b.png|,,,,,,,,0|10
90000021,STRING_DECO_first_90000021,STRING_DECO_second_90000021,정수기,T_NEWYORK,0,98000,0,1,GOODS_NONE,90,90,0|50,1,0|-20,0.8,901020_deco_etc_f.png||901020_deco_etc_b.png|,,,,,,,,2|15
90000022,STRING_DECO_first_90000022,STRING_DECO_second_90000022,원형의자,T_NEWYORK,0,97000,0,1,GOODS_NONE,95,90,0|50,1,0|-20,0.8,901021_deco_etc_f.png||901021_deco_etc_b.png|,,,,,,,,-1|-45
90000023,STRING_DECO_first_90000023,STRING_DECO_second_90000023,맥주기계,T_NEWYORK,0,100000,0,1,GOODS_NONE,90,90,0|50,1,0|-20,0.8,901022_deco_etc_f.png||901022_deco_etc_b.png|,,,,,,,,-1|-30
90000024,STRING_DECO_first_90000024,STRING_DECO_second_90000024,조리대,T_NEWYORK,0,100000,0,1,GOODS_NONE,95,90,-10|58,1,0|-20,0.8,901023_deco_etc_f.png||901023_deco_etc_b.png|,,,,,,,,0|-35
90000025,STRING_DECO_first_90000025,STRING_DECO_second_90000025,전자레인지,T_NEWYORK,0,101000,0,1,GOODS_NONE,95,90,-20|60,1,0|-20,0.8,901024_deco_etc_f.png||901024_deco_etc_b.png|,,,,,,,,0|-50
90000026,STRING_DECO_first_90000026,STRING_DECO_second_90000026,에어컨,T_NEWYORK,0,0,30,1,GOODS_NONE,90,90,-10|40,1,0|-20,0.8,901025_deco_etc_f.png||901025_deco_etc_b.png|,,,,,,,,0|20
90000027,STRING_DECO_first_90000027,STRING_DECO_second_90000027,앰프,T_NEWYORK,0,104000,0,1,GOODS_NONE,90,90,0|50,1,0|-20,0.8,901026_deco_etc_f.png||901026_deco_etc_b.png|,,,,,,,,-1|-25
90000028,STRING_DECO_first_90000028,STRING_DECO_second_90000028,사각테이블,T_NEWYORK,0,102000,0,1,GOODS_NONE,95,90,0|45,1,0|-20,0.8,901027_deco_etc_f.png||901027_deco_etc_b.png|,,,,,,,,-1|-45
90000029,STRING_DECO_first_90000029,STRING_DECO_second_90000029,긴 테이블,T_NEWYORK,0,97000,0,1,GOODS_NONE,95,90,-10|55,1,0|-20,0.8,901028_deco_etc_f.png||901028_deco_etc_b.png|,,,,,,,,0|-45
90000030,STRING_DECO_first_90000030,STRING_DECO_second_90000030,우산꽂이,T_NEWYORK,0,99000,0,1,GOODS_NONE,90,90,0|40,1,0|-20,0.8,901029_deco_etc_f.png||901029_deco_etc_b.png|,,,,,,,,0|-25
90000031,STRING_DECO_first_90000031,STRING_DECO_second_90000031,햄버거,T_NEWYORK,0,94000,0,1,GOODS_NONE,95,90,0|60,1,0|-20,0.8,901030_deco_etc_f.png||901030_deco_etc_b.png|,,,,,,,,0|-45
90000032,STRING_DECO_first_90000032,STRING_DECO_second_90000032,낚시 의자,T_NEWYORK,0,95000,0,1,GOODS_NONE,95,90,0|50,1,0|-20,0.8,901031_deco_etc_f.png||901031_deco_etc_b.png|,,,,,,,,0|-45
90000033,STRING_DECO_first_90000033,STRING_DECO_second_90000033,음료기계,T_NEWYORK,0,0,30,1,GOODS_NONE,95,90,0|50,1,0|-20,0.8,901032_deco_etc_f.png||901032_deco_etc_b.png|,,,,,,,,0|-45
90000036,STRING_DECO_first_90000036,STRING_DECO_second_90000036,선풍기,T_NEWYORK,0,100000,0,1,GOODS_NONE,90,90,0|40,1,0|-20,0.8,901035_deco_etc_f.png||901035_deco_etc_b.png|,,,,,,,,0|-25
90000037,STRING_DECO_first_90000037,STRING_DECO_second_90000037,여신상,T_NEWYORK,0,0,30,1,GOODS_NONE,90,90,0|40,1,0|-20,0.8,901036_deco_etc_f.png||901036_deco_etc_b.png|,,,,,,,,0|0
90000038,STRING_DECO_first_90000038,STRING_DECO_second_90000038,계산기,T_NEWYORK,0,95000,0,1,GOODS_NONE,95,90,0|50,1,0|-20,0.8,901037_deco_etc_f.png||901037_deco_etc_b.png|,,,,,,,,0|-45
90000039,STRING_DECO_first_90000039,STRING_DECO_second_90000039,라디에이터,T_NEWYORK,0,0,30,1,GOODS_NONE,90,90,0|50,1,0|-20,0.8,901038_deco_etc_f.png||901038_deco_etc_b.png|,,,,,,,,6|-35
90000040,STRING_DECO_first_90000040,STRING_DECO_second_90000040,미식축구 헬멧,T_NEWYORK,0,0,30,1,GOODS_NONE,95,90,0|50,1,0|-20,0.8,901039_deco_etc_f.png||901039_deco_etc_b.png|,,,,,,,,0|-45
90000041,STRING_DECO_first_90000041,STRING_DECO_second_90000041,긴 의자,T_BEIJING,0,100000,0,1,GOODS_NONE,95,90,-17|58,1,0|-20,0.8,901040_deco_etc_f.png||901040_deco_etc_b.png|,,,,,,,,0|-45
90000042,STRING_DECO_first_90000042,STRING_DECO_second_90000042,반원 테이블,T_BEIJING,0,111000,0,1,GOODS_NONE,95,90,0|60,1,0|-20,0.8,901041_deco_etc_f.png||901041_deco_etc_b.png|,,,,,,,,0|-45
90000043,STRING_DECO_first_90000043,STRING_DECO_second_90000043,찻잔,T_BEIJING,0,111000,0,1,GOODS_NONE,95,90,0|60,1,0|-20,0.8,901042_deco_etc_f.png||901042_deco_etc_b.png|,,,,,,,,0|-45
90000044,STRING_DECO_first_90000044,STRING_DECO_second_90000044,찻주전자,T_BEIJING,0,150000,0,1,GOODS_NONE,95,90,0|58,1,0|-20,0.8,901043_deco_etc_f.png||901043_deco_etc_b.png|,,,,,,,,0|-45
90000045,STRING_DECO_first_90000045,STRING_DECO_second_90000045,등B,T_BEIJING,0,175000,0,1,GOODS_NONE,90,90,0|40,1,0|-20,0.8,901044_deco_etc_f.png||901044_deco_etc_b.png|,,,,,,,,-1|-20
90000046,STRING_DECO_first_90000046,STRING_DECO_second_90000046,청자,T_BEIJING,0,172000,0,1,GOODS_NONE,90,90,0|45,1,0|-20,0.8,901045_deco_etc_f.png||901045_deco_etc_b.png|,,,,,,,,0|-25
90000047,STRING_DECO_first_90000047,STRING_DECO_second_90000047,긴 카펫,T_BEIJING,0,186000,0,1,GOODS_NONE,95,90,-10|65,1,0|-20,0.8,901046_deco_etc_f.png||901046_deco_etc_b.png|,,,,,,,,0|-45
90000048,STRING_DECO_first_90000048,STRING_DECO_second_90000048,긴 테이블,T_BEIJING,0,177000,0,1,GOODS_NONE,95,90,-7|65,1,0|-20,0.8,901047_deco_etc_f.png||901047_deco_etc_b.png|,,,,,,,,0|-45
90000049,STRING_DECO_first_90000049,STRING_DECO_second_90000049,용 동상,T_BEIJING,0,0,30,1,GOODS_NONE,90,90,-4|45,1,0|-20,0.8,901048_deco_etc_f.png||901048_deco_etc_b.png|,,,,,,,,0|-5
90000050,STRING_DECO_first_90000050,STRING_DECO_second_90000050,쿠션 의자,T_BEIJING,0,155000,0,1,GOODS_NONE,95,90,0|55,1,0|-20,0.8,901049_deco_etc_f.png||901049_deco_etc_b.png|,,,,,,,,0|-45
90000051,STRING_DECO_first_90000051,STRING_DECO_second_90000051,반원 카운터,T_BEIJING,0,166000,0,1,GOODS_NONE,95,90,7|50,1,0|-20,0.8,901050_deco_etc_f.png||901050_deco_etc_b.png|,,,,,,,,0|-45
90000052,STRING_DECO_first_90000052,STRING_DECO_second_90000052,등A,T_BEIJING,0,177000,0,1,GOODS_NONE,90,90,-3|45,1,0|-20,0.8,901051_deco_etc_f.png||901051_deco_etc_b.png|,,,,,,,,-2|-15
90000053,STRING_DECO_first_90000053,STRING_DECO_second_90000053,파티션A,T_BEIJING,0,111000,0,1,GOODS_NONE,90,90,-17|47,1,0|-20,0.8,901052_deco_etc_f.png||901052_deco_etc_b.png|,,,,,,,,0|0
90000054,STRING_DECO_first_90000054,STRING_DECO_second_90000054,파티션B,T_BEIJING,0,0,30,1,GOODS_NONE,90,90,-17|47,1,0|-20,0.8,901053_deco_etc_f.png||901053_deco_etc_b.png|,,,,,,,,0|-15
90000055,STRING_DECO_first_90000055,STRING_DECO_second_90000055,갈대 화분,T_BEIJING,0,133000,0,1,GOODS_NONE,95,90,-10|45,1,0|-20,0.8,901054_deco_etc_f.png||901054_deco_etc_b.png|,,,,,,,,0|-25
90000056,STRING_DECO_first_90000056,STRING_DECO_second_90000056,항아리,T_BEIJING,0,0,30,1,GOODS_NONE,95,90,0|47,1,0|-20,0.8,901055_deco_etc_f.png||901055_deco_etc_b.png|,,,,,,,,0|-45
90000057,STRING_DECO_first_90000057,STRING_DECO_second_90000057,판다 쿠션,T_BEIJING,0,0,30,1,GOODS_NONE,95,90,0|47,1,0|-20,0.8,901056_deco_etc_f.png||901056_deco_etc_b.png|,,,,,,,,0|-45
90000058,STRING_DECO_first_90000058,STRING_DECO_second_90000058,서적,T_BEIJING,0,122000,0,1,GOODS_NONE,90,90,0|47,1,0|-20,0.8,901057_deco_etc_f.png||901057_deco_etc_b.png|,,,,,,,,0|-45
90000059,STRING_DECO_first_90000059,STRING_DECO_second_90000059,소원나무,T_BEIJING,0,0,30,1,GOODS_NONE,90,90,0|47,1,0|-20,0.8,901058_deco_etc_f.png||901058_deco_etc_b.png|,,,,,,,,0|0
90000060,STRING_DECO_first_90000060,STRING_DECO_second_90000060,둥근 카펫,T_BEIJING,0,200000,0,1,GOODS_NONE,95,90,0|47,1,0|-20,0.8,901059_deco_etc_f.png||901059_deco_etc_b.png|,,,,,,,,0|-50
90000061,STRING_DECO_first_90000061,STRING_DECO_second_90000061,쓰레기통,T_TOKYO,0,270000,0,1,GOODS_NONE,90,90,0|47,1,0|-20,0.8,901060_deco_etc_f.png||901060_deco_etc_b.png|,,,,,,,,0|-35
90000062,STRING_DECO_first_90000062,STRING_DECO_second_90000062,신사 기둥,T_TOKYO,0,0,30,1,GOODS_NONE,90,90,-17|47,1,0|-20,0.8,901061_deco_etc_f.png||901061_deco_etc_b.png|,,,,,,,,0|10
90000063,STRING_DECO_first_90000063,STRING_DECO_second_90000063,입간판,T_TOKYO,0,271000,0,1,GOODS_NONE,90,90,0|47,1,0|-20,0.8,901062_deco_etc_f.png||901062_deco_etc_b.png|,,,,,,,,-4|-45
90000064,STRING_DECO_first_90000064,STRING_DECO_second_90000064,태고,T_TOKYO,0,275000,0,1,GOODS_NONE,95,90,0|47,1,0|-20,0.8,901063_deco_etc_f.png||901063_deco_etc_b.png|,,,,,,,,0|-25
90000065,STRING_DECO_first_90000065,STRING_DECO_second_90000065,금붕어 건지기,T_TOKYO,0,380000,0,1,GOODS_NONE,95,90,-17|45,1,0|-20,0.8,901064_deco_etc_f.png||901064_deco_etc_b.png|,,,,,,,,
90000066,STRING_DECO_first_90000066,STRING_DECO_second_90000066,우체통,T_TOKYO,0,279000,0,1,GOODS_NONE,90,90,0|47,1,0|-20,0.8,901065_deco_etc_f.png||901065_deco_etc_b.png|,,,,,,,,0|0
90000067,STRING_DECO_first_90000067,STRING_DECO_second_90000067,캔디,T_TOKYO,0,271000,0,1,GOODS_NONE,90,90,0|40,1,0|-20,0.8,901066_deco_etc_f.png||901066_deco_etc_b.png|,,,,,,,,4|20
90000068,STRING_DECO_first_90000068,STRING_DECO_second_90000068,태양의 탑,T_TOKYO,0,278000,0,1,GOODS_NONE,90,90,0|45,1,0|-20,0.8,901067_deco_etc_f.png||901067_deco_etc_b.png|,,,,,,,,4|15
90000069,STRING_DECO_first_90000069,STRING_DECO_second_90000069,인형뽑기,T_TOKYO,0,0,30,1,GOODS_NONE,95,90,0|47,1,0|-20,0.8,901068_deco_etc_f.png||901068_deco_etc_b.png|,,,,,,,,0|-25
90000070,STRING_DECO_first_90000070,STRING_DECO_second_90000070,시시오도시,T_TOKYO,0,383000,0,1,GOODS_NONE,90,90,0|20,1,0|-20,0.8,901069_deco_etc_f.png||901069_deco_etc_b.png|,,,,,,,,0|-35
90000071,STRING_DECO_first_90000071,STRING_DECO_second_90000071,작은 제단,T_TOKYO,0,0,30,1,GOODS_NONE,95,90,0|54,1,0|-20,0.8,901070_deco_etc_f.png||901070_deco_etc_b.png|,,,,,,,,
90000072,STRING_DECO_first_90000072,STRING_DECO_second_90000072,좌식 의자,T_TOKYO,0,271000,0,1,GOODS_NONE,95,90,0|20,1,0|-20,0.8,901071_deco_etc_f.png||901071_deco_etc_b.png|,,,,,,,,0|-15
90000073,STRING_DECO_first_90000073,STRING_DECO_second_90000073,좌식 테이블,T_TOKYO,0,272000,0,1,GOODS_NONE,95,90,0|20,1,0|-20,0.8,901072_deco_etc_f.png||901072_deco_etc_b.png|,,,,,,,,0|-20
90000074,STRING_DECO_first_90000074,STRING_DECO_second_90000074,화로,T_TOKYO,0,276000,0,1,GOODS_NONE,90,90,0|20,1,0|-20,0.8,901073_deco_etc_f.png||901073_deco_etc_b.png|,,,,,,,,0|-15
90000075,STRING_DECO_first_90000075,STRING_DECO_second_90000075,의자,T_TOKYO,0,0,30,1,GOODS_NONE,95,90,0|47,1,0|-20,0.8,901074_deco_etc_f.png||901074_deco_etc_b.png|,,,,,,,,0|-15
90000076,STRING_DECO_first_90000076,STRING_DECO_second_90000076,원형 테이블,T_TOKYO,0,271000,0,1,GOODS_NONE,95,90,0|47,1,0|-20,0.8,901075_deco_etc_f.png||901075_deco_etc_b.png|,,,,,,,,0|-35
90000077,STRING_DECO_first_90000077,STRING_DECO_second_90000077,사각 테이블,T_TOKYO,0,272000,0,1,GOODS_NONE,95,90,-7|60,1,0|-20,0.8,901076_deco_etc_f.png||901076_deco_etc_b.png|,,,,,,,,0|-35
90000078,STRING_DECO_first_90000078,STRING_DECO_second_90000078,일본 계산기,T_TOKYO,0,270000,0,1,GOODS_NONE,95,90,0|55,1,0|-20,0.8,901077_deco_etc_f.png||901077_deco_etc_b.png|,,,,,,,,0|-45
90000079,STRING_DECO_first_90000079,STRING_DECO_second_90000079,전자레인지,T_TOKYO,0,270000,0,1,GOODS_NONE,95,90,0|55,1,0|-20,0.8,901078_deco_etc_f.png||901078_deco_etc_b.png|,,,,,,,,0|-45
90000080,STRING_DECO_first_90000080,STRING_DECO_second_90000080,복고양이,T_TOKYO,0,0,30,1,GOODS_NONE,90,90,-7|50,1,0|-20,0.8,901079_deco_etc_f.png||901079_deco_etc_b.png|,,,,,,,,0|-35
90000082,STRING_DECO_first_90000082,STRING_DECO_second_90000082,의자,T_VENEZIA,0,500000,0,1,GOODS_NONE,95,90,0|47,1,0|-20,0.8,901081_deco_etc_f.png||901081_deco_etc_b.png|,,,,,,,,0|-30
90000083,STRING_DECO_first_90000083,STRING_DECO_second_90000083,식탁,T_VENEZIA,0,500000,0,1,GOODS_NONE,95,90,0|47,1,0|-20,0.8,901082_deco_etc_f.png||901082_deco_etc_b.png|,,,,,,,,-1|-45
90000084,STRING_DECO_first_90000084,STRING_DECO_second_90000084,조각상 남,T_VENEZIA,0,605000,0,1,GOODS_NONE,90,90,0|40,1,0|-20,0.8,901083_deco_etc_f.png||901083_deco_etc_b.png|,,,,,,,,0|10
90000085,STRING_DECO_first_90000085,STRING_DECO_second_90000085,조각상 여,T_VENEZIA,0,605000,0,1,GOODS_NONE,90,90,0|40,1,0|-20,0.8,901084_deco_etc_f.png||901084_deco_etc_b.png|,,,,,,,,0|15
90000086,STRING_DECO_first_90000086,STRING_DECO_second_90000086,책상,T_VENEZIA,0,600000,0,1,GOODS_NONE,95,90,-10|55,1,0|-20,0.8,901085_deco_etc_f.png||901085_deco_etc_b.png|,,,,,,,,0|-25
90000087,STRING_DECO_first_90000087,STRING_DECO_second_90000087,피자 화덕,T_VENEZIA,0,0,30,1,GOODS_NONE,95,90,0|58,1,0|-20,0.8,901086_deco_etc_f.png||901086_deco_etc_b.png|,,,,,,,,10|-30
90000088,STRING_DECO_first_90000088,STRING_DECO_second_90000088,탑,T_VENEZIA,0,0,30,1,GOODS_NONE,90,90,0|43,1,0|-20,0.8,901087_deco_etc_f.png||901087_deco_etc_b.png|,,,,,,,,10|-15
90000089,STRING_DECO_first_90000089,STRING_DECO_second_90000089,젤라또 진열대,T_VENEZIA,0,720000,0,1,GOODS_NONE,95,90,-7|55,1,0|-20,0.8,901088_deco_etc_f.png||901088_deco_etc_b.png|,,,,,,,,0|-25
90000090,STRING_DECO_first_90000090,STRING_DECO_second_90000090,술통,T_VENEZIA,0,609000,0,1,GOODS_NONE,90,90,-10|47,1,0|-20,0.8,901089_deco_etc_f.png||901089_deco_etc_b.png|,,,,,,,,0|-25
90000091,STRING_DECO_first_90000091,STRING_DECO_second_90000091,식물 장식장,T_VENEZIA,0,0,30,1,GOODS_NONE,90,90,-10|47,1,0|-20,0.8,901090_deco_etc_f.png||901090_deco_etc_b.png|,,,,,,,,10|0
90000092,STRING_DECO_first_90000092,STRING_DECO_second_90000092,경기장,T_VENEZIA,0,620000,0,1,GOODS_NONE,95,90,0|60,1,0|-20,0.8,901091_deco_etc_f.png||901091_deco_etc_b.png|,,,,,,,,0|-25
90000093,STRING_DECO_first_90000093,STRING_DECO_second_90000093,꽃수레,T_VENEZIA,0,720000,0,1,GOODS_NONE,95,90,-7|50,1,0|-20,0.8,901092_deco_etc_f.png||901092_deco_etc_b.png|,,,,,,,,0|-45
90000094,STRING_DECO_first_90000094,STRING_DECO_second_90000094,신호등,T_VENEZIA,0,701000,0,1,GOODS_NONE,90,90,0|25,1,0|-20,0.8,901093_deco_etc_f.png||901093_deco_etc_b.png|,,,,,,,,-4|-5
90000095,STRING_DECO_first_90000095,STRING_DECO_second_90000095,젤라또 모형,T_VENEZIA,0,0,30,1,GOODS_NONE,90,90,4|45,1,0|-20,0.8,901094_deco_etc_f.png||901094_deco_etc_b.png|,,,,,,,,0|-25
90000096,STRING_DECO_first_90000096,STRING_DECO_second_90000096,카트,T_VENEZIA,0,706000,0,1,GOODS_NONE,95,90,0|50,1,0|-20,0.8,901095_deco_etc_f.png||901095_deco_etc_b.png|,,,,,,,,0|-35
90000097,STRING_DECO_first_90000097,STRING_DECO_second_90000097,찻장,T_VENEZIA,0,710000,0,1,GOODS_NONE,95,90,-7|60,1,0|-20,0.8,901096_deco_etc_f.png||901096_deco_etc_b.png|,,,,,,,,0|0
90000098,STRING_DECO_first_90000098,STRING_DECO_second_90000098,분수대,T_VENEZIA,0,0,30,1,GOODS_NONE,95,90,0|47,1,0|-20,0.8,901097_deco_etc_f.png||901097_deco_etc_b.png|,,,,,,,,-4|-25
90000100,STRING_DECO_first_90000100,STRING_DECO_second_90000100,몬스테라 화분,T_VENEZIA,0,701000,0,1,GOODS_NONE,90,90,0|47,1,0|-20,0.8,901099_deco_etc_f.png||901099_deco_etc_b.png|,,,,,,,,0|-10
90000101,STRING_DECO_first_90000101,STRING_DECO_second_90000101,빨간 귀족 인형,T_VENEZIA,0,0,30,1,GOODS_NONE,90,90,0|75,1,0|-60,0.8,901100_deco_etc_f.png||901100_deco_etc_b.png|,,,,,,,,
90000102,STRING_DECO_first_90000102,STRING_DECO_second_90000102,낮은 화단,T_VENEZIA,0,500000,0,1,GOODS_NONE,90,90,0|110,1,3|5,0.8,901101_deco_etc_f.png||901101_deco_etc_f.png|,,,,,,,,
90000103,STRING_DECO_first_90000103,STRING_DECO_second_90000103,높은 화단,T_VENEZIA,0,500000,0,1,GOODS_NONE,90,90,0|75,1,0|10,0.8,901102_deco_etc_f.png||901102_deco_etc_f.png|,,,,,,,,
90000104,STRING_DECO_first_90000104,STRING_DECO_second_90000104,가림막,T_VENEZIA,0,100,0,1,GOODS_NONE,95,90,0|75,1,0|-20,0.8,901103_deco_etc_f.png||901103_deco_etc_f.png|,,,,,,,,
90000105,STRING_DECO_first_90000105,STRING_DECO_second_90000105,화분 가림막,T_VENEZIA,0,100,0,1,GOODS_NONE,95,90,0|75,1,0|-20,0.8,901104_deco_etc_f.png||901104_deco_etc_f.png|,,,,,,,,
90000103,STRING_DECO_first_90000106,STRING_DECO_second_90000106,큰 화분,T_VENEZIA,0,500000,0,1,GOODS_NONE,90,90,0|110,1,5|-15,0.8,901105_deco_etc_f.png||901105_deco_etc_f.png|,,,,,,,,
90000107,STRING_DECO_first_90000107,STRING_DECO_second_90000107,악보 받침대,T_VENEZIA,0,550000,0,1,GOODS_NONE,90,90,0|110,1,3|-5,0.8,901106_deco_etc_f.png||901106_deco_etc_f.png|,,,,,,,,
90000108,STRING_DECO_first_90000108,STRING_DECO_second_90000108,엔틱 테이블,T_VENEZIA,0,100,0,1,GOODS_NONE,95,90,0|75,1,0|-20,0.8,901107_deco_etc_f.png||901107_deco_etc_f.png|,,,,,,,,
90000109,STRING_DECO_first_90000109,STRING_DECO_second_90000109,화분 테이블,T_VENEZIA,0,100,0,1,GOODS_NONE,95,90,0|75,1,0|-20,0.8,901108_deco_etc_f.png||901108_deco_etc_f.png|,,,,,,,,
90000110,STRING_DECO_first_90000110,STRING_DECO_second_90000110,분수대,T_VENEZIA,0,100,0,1,GOODS_NONE,95,90,0|75,1,0|-20,0.8,901109_deco_etc_f.png||901109_deco_etc_f.png|,,,,,,,,
90000111,STRING_DECO_first_90000111,STRING_DECO_second_90000111,가림막,T_VENEZIA,0,600000,0,1,GOODS_NONE,90,90,0|75,1,0|-20,0.8,901110_deco_etc_f.png||901110_deco_etc_f.png|,,,,,,,,
90000112,STRING_DECO_first_90000112,STRING_DECO_second_90000112,화분 가림막,T_VENEZIA,0,601000,0,1,GOODS_NONE,90,90,0|75,1,0|-20,0.8,901111_deco_etc_f.png||901111_deco_etc_b.png|,,,,,,,,
90000113,STRING_DECO_first_90000113,STRING_DECO_second_90000113,붉은 꽃 화분,T_VENEZIA,0,603000,0,1,GOODS_NONE,90,90,0|75,1,0|-20,0.8,901112_deco_etc_f.png||901112_deco_etc_f.png|,,,,,,,,
90000114,STRING_DECO_first_90000114,STRING_DECO_second_90000114,노랑 꽃 화분,T_VENEZIA,0,610000,0,1,GOODS_NONE,90,90,0|75,1,0|-20,0.8,901113_deco_etc_f.png||901113_deco_etc_f.png|,,,,,,,,
90000115,STRING_DECO_first_90000115,STRING_DECO_second_90000115,보라 꽃 화분,T_VENEZIA,0,619000,0,1,GOODS_NONE,90,90,0|75,1,0|-20,0.8,901114_deco_etc_f.png||901114_deco_etc_f.png|,,,,,,,,
90000116,STRING_DECO_first_90000116,STRING_DECO_second_90000116,보라 꽃 기둥,T_VENEZIA,0,639000,0,1,GOODS_NONE,95,90,0|75,1,0|-20,0.8,901115_deco_etc_f.png||901115_deco_etc_f.png|,,,,,,,,
90000117,STRING_DECO_first_90000117,STRING_DECO_second_90000117,책 비석,T_VENEZIA,0,639000,0,1,GOODS_NONE,90,90,0|75,1,0|-25,0.8,901116_deco_etc_f.png||901116_deco_etc_b.png|,,,,,,,,
90000118,STRING_DECO_first_90000118,STRING_DECO_second_90000118,작은 분수대,T_VENEZIA,0,649000,0,1,GOODS_NONE,95,90,0|75,1,0|-20,0.8,901117_deco_etc_f.png||901117_deco_etc_f.png|,,,,,,,,
90000119,STRING_DECO_first_90000119,STRING_DECO_second_90000119,물주는 석상,T_VENEZIA,0,659000,0,1,GOODS_NONE,95,90,0|75,1,0|-20,0.8,901118_deco_etc_f.png||901118_deco_etc_f.png|,,,,,,,,
90000120,STRING_DECO_first_90000120,STRING_DECO_second_90000120,물주는 동상,T_VENEZIA,0,0,30,1,GOODS_NONE,95,90,0|75,1,0|-20,0.8,901119_deco_etc_f.png||901119_deco_etc_f.png|,,,,,,,,
90000121,STRING_DECO_first_90000121,STRING_DECO_second_90000121,초록 신관 인형,T_VENEZIA,0,609900,0,1,GOODS_NONE,90,90,0|75,1,3|-50,0.8,901120_deco_etc_f.png||901120_deco_etc_b.png|,,,,,,,,
90000122,STRING_DECO_first_90000122,STRING_DECO_second_90000122,파랑 신관 인형,T_VENEZIA,0,607000,0,1,GOODS_NONE,90,90,0|75,1,3|-50,0.8,901121_deco_etc_f.png||901121_deco_etc_b.png|,,,,,,,,
90000123,STRING_DECO_first_90000123,STRING_DECO_second_90000123,파랑 귀족 인형,T_VENEZIA,0,0,30,1,GOODS_NONE,90,90,0|75,1,0|-60,0.8,901122_deco_etc_f.png||901122_deco_etc_b.png|,,,,,,,,
90000124,STRING_DECO_first_90000124,STRING_DECO_second_90000124,낮은 가림막,T_BEIJING,0,111000,0,1,GOODS_NONE,90,90,-20|60,1,0|-5,0.8,901123_deco_etc_f.png||901123_deco_etc_f.png|,,,,,,,,
90000125,STRING_DECO_first_90000125,STRING_DECO_second_90000125,연꽃 화단,T_BEIJING,0,186000,0,1,GOODS_NONE,90,90,0|75,1,0|-10,0.8,901124_deco_etc_f.png||901124_deco_etc_f.png|,,,,,,,,
90000126,STRING_DECO_first_90000126,STRING_DECO_second_90000126,연못,T_BEIJING,0,186000,0,1,GOODS_NONE,90,90,0|75,1,0|-10,0.8,901125_deco_etc_f.png||901125_deco_etc_f.png|,,,,,,,,
90000127,STRING_DECO_first_90000127,STRING_DECO_second_90000127,연꽃 장식 연못,T_BEIJING,0,186000,0,1,GOODS_NONE,95,90,0|75,1,0|-20,0.8,901126_deco_etc_f.png||901126_deco_etc_f.png|,,,,,,,,
90000128,STRING_DECO_first_90000128,STRING_DECO_second_90000128,소나무 화분,T_BEIJING,0,186000,0,1,GOODS_NONE,95,90,0|75,1,0|-20,0.8,901127_deco_etc_f.png||901127_deco_etc_f.png|,,,,,,,,
90000129,STRING_DECO_first_90000129,STRING_DECO_second_90000129,대나무 장식,T_BEIJING,0,186000,0,1,GOODS_NONE,95,90,0|75,1,0|-20,0.8,901128_deco_etc_f.png||901128_deco_etc_f.png|,,,,,,,,
90000130,STRING_DECO_first_90000130,STRING_DECO_second_90000130,수호 동상,T_BEIJING,0,186000,0,1,GOODS_NONE,90,90,0|75,1,0|-20,0.8,901129_deco_etc_f.png||901129_deco_etc_f.png|,,,,,,,,
90000131,STRING_DECO_first_90000131,STRING_DECO_second_90000131,수호 동상,T_BEIJING,0,186000,0,1,GOODS_NONE,90,90,0|75,1,0|-20,0.8,901130_deco_etc_f.png||901130_deco_etc_f.png|,,,,,,,,
90000132,STRING_DECO_first_90000132,STRING_DECO_second_90000132,선녀 석상,T_BEIJING,0,186000,0,1,GOODS_NONE,95,90,0|75,1,0|-20,0.8,901131_deco_etc_f.png||901131_deco_etc_f.png|,,,,,,,,
90000133,STRING_DECO_first_90000133,STRING_DECO_second_90000133,용 전봇대,T_BEIJING,0,186000,0,1,GOODS_NONE,95,90,0|75,1,0|-20,0.8,901132_deco_etc_f.png||901132_deco_etc_f.png|,,,,,,,,
90000134,STRING_DECO_first_90000134,STRING_DECO_second_90000134,중국 장식 가림막,T_BEIJING,0,186000,0,1,GOODS_NONE,90,90,0|75,1,5|-15,0.8,901133_deco_etc_f.png||901133_deco_etc_f.png|,,,,,,,,
90000135,STRING_DECO_first_90000135,STRING_DECO_second_90000135,꽃 화분,T_BEIJING,0,186000,0,1,GOODS_NONE,90,90,0|75,1,0|-20,0.8,901134_deco_etc_f.png||901134_deco_etc_f.png|,,,,,,,,
90000136,STRING_DECO_first_90000136,STRING_DECO_second_90000136,대나무 화분,T_BEIJING,0,186000,0,1,GOODS_NONE,90,90,0|75,1,0|-40,0.8,901135_deco_etc_f.png||901135_deco_etc_f.png|,,,,,,,,
90000137,STRING_DECO_first_90000137,STRING_DECO_second_90000137,주작 석상,T_BEIJING,0,186000,0,1,GOODS_NONE,90,90,0|75,1,0|-40,0.8,901136_deco_etc_f.png||901136_deco_etc_b.png|,,,,,,,,
90000138,STRING_DECO_first_90000138,STRING_DECO_second_90000138,비파 장식,T_BEIJING,0,186000,0,1,GOODS_NONE,90,90,-4|65,1,5|-40,0.8,901137_deco_etc_f.png||901137_deco_etc_b.png|,,,,,,,,
90000139,STRING_DECO_first_90000139,STRING_DECO_second_90000139,중국 장식장,T_BEIJING,0,186000,0,1,GOODS_NONE,90,90,-4|65,1,3|-40,0.8,901138_deco_etc_f.png||901138_deco_etc_b.png|,,,,,,,,
90000140,STRING_DECO_first_90000140,STRING_DECO_second_90000140,중국 전통 등,T_BEIJING,0,186000,0,1,GOODS_NONE,90,90,0|75,1,0|-60,0.8,901139_deco_etc_f.png||901139_deco_etc_b.png|,,,,,,,,
90000141,STRING_DECO_first_90000141,STRING_DECO_second_90000141,대나무 연못 장식,T_BEIJING,0,186000,0,1,GOODS_NONE,90,90,0|75,1,0|-45,0.8,901140_deco_etc_f.png||901140_deco_etc_f.png|,,,,,,,,
90000142,STRING_DECO_first_90000142,STRING_DECO_second_90000142,일본 무드등,T_TOKYO,0,270000,0,1,GOODS_NONE,90,90,0|75,1,0|-20,0.8,901141_deco_etc_f.png||901141_deco_etc_f.png|,,,,,,,,
90000143,STRING_DECO_first_90000143,STRING_DECO_second_90000143,일본 백자,T_TOKYO,0,270000,0,1,GOODS_NONE,90,90,0|55,1,5|-20,0.8,901142_deco_etc_f.png||901142_deco_etc_f.png|,,,,,,,,
90000144,STRING_DECO_first_90000144,STRING_DECO_second_90000144,일본 아날로그 티비,T_TOKYO,0,270000,0,1,GOODS_NONE,90,90,0|55,1,5|-20,0.8,901143_deco_etc_f.png||901143_deco_etc_b.png|,,,,,,,,
90000145,STRING_DECO_first_90000145,STRING_DECO_second_90000145,바둑판,T_TOKYO,0,270000,0,1,GOODS_NONE,90,90,0|55,1,5|-20,0.8,901144_deco_etc_f.png||901144_deco_etc_b.png|,,,,,,,,
90000146,STRING_DECO_first_90000146,STRING_DECO_second_90000146,코타츠,T_TOKYO,0,270000,0,1,GOODS_NONE,90,90,0|55,1,5|-20,0.8,901145_deco_etc_f.png||901145_deco_etc_f.png|,,,,,,,,
50000014,확장 칸막이,,확장 칸막이,T_SEOUL,0,10000,0,75,GOODS_NONE,7000,1,0|90,2,0.000000|0.000000,0.8,|||,,,,,,,,
50000015,확장 칸막이,,확장 칸막이,T_SEOUL,0,10000,0,75,GOODS_NONE,7000,1,0|90,2,0.000000|0.000000,0.8,partition_2.png|partition_3.png|partition_1.png|partition_4.png,,,,,,,,
50000016,확장 간판 10,,확장 간판 10,T_SEOUL,0,10000,0,75,GOODS_NONE,5000,1,0|60,2,0.000000|0.000000,0.8,open_lv_10_1.png||open_lv_10_2.png|,,,,,,,,
50000017,확장 간판 20,,확장 간판 20,T_SEOUL,0,10000,0,75,GOODS_NONE,5000,1,0|60,2,0.000000|0.000000,0.8,open_lv_20_1.png||open_lv_20_2.png|,,,,,,,,
50000018,확장 간판 30,,확장 간판 30,T_SEOUL,0,10000,0,75,GOODS_NONE,5000,1,0|60,2,0.000000|0.000000,0.8,open_lv_30_1.png||open_lv_30_2.png|,,,,,,,,
50000019,확장 간판 40,,확장 간판 40,T_SEOUL,0,10000,0,75,GOODS_NONE,5000,1,0|60,2,0.000000|0.000000,0.8,open_lv_40_1.png||open_lv_40_2.png|,,,,,,,,
